<TICKER>,<PER>,<DATE>,<TIME>,<OPEN>,<HIGH>,<LOW>,<CLOSE>,<VOL>
YNDX,D,20140604,000000,1546.7000000,1546.8000000,1163.0000000,1170.0000000,35146
YNDX,D,20140605,000000,1175.0000000,1195.0000000,1141.1000000,1145.1000000,24973
YNDX,D,20140606,000000,1158.3000000,1173.5000000,1151.0000000,1163.0000000,7889
YNDX,D,20140609,000000,1178.9000000,1185.6000000,1155.7000000,1172.1000000,7304
YNDX,D,20140610,000000,1172.1000000,1181.0000000,1160.1000000,1170.0000000,3207
YNDX,D,20140611,000000,1175.0000000,1183.0000000,1157.1000000,1179.9000000,8837
YNDX,D,20140616,000000,1164.0000000,1181.2000000,1150.0000000,1165.0000000,13904
YNDX,D,20140617,000000,1166.9000000,1187.7000000,1166.9000000,1185.5000000,8517
YNDX,D,20140618,000000,1180.1000000,1185.0000000,1176.0000000,1182.9000000,1455
YNDX,D,20140619,000000,1176.0000000,1182.7000000,1165.0000000,1168.0000000,1396
YNDX,D,20140620,000000,1165.2000000,1179.0000000,1160.0000000,1175.0000000,2702
YNDX,D,20140623,000000,1185.0000000,1218.8000000,1185.0000000,1196.0000000,14081
YNDX,D,20140624,000000,1200.0000000,1208.9000000,1191.0000000,1191.8000000,3895
YNDX,D,20140625,000000,1185.0000000,1195.0000000,1153.1000000,1176.8000000,3949
YNDX,D,20140626,000000,1185.0000000,1188.5000000,1168.9000000,1185.0000000,2392
YNDX,D,20140627,000000,1172.1000000,1197.0000000,1165.0000000,1185.0000000,1148
YNDX,D,20140630,000000,1189.9000000,1218.1000000,1184.1000000,1218.0000000,8749
YNDX,D,20140701,000000,1212.5000000,1239.8000000,1212.5000000,1218.2000000,3036
YNDX,D,20140702,000000,1218.0000000,1220.0000000,1195.0000000,1200.0000000,33473
YNDX,D,20140703,000000,1188.9000000,1213.8000000,1184.0000000,1192.0000000,25562
YNDX,D,20140704,000000,1184.9000000,1204.9000000,1183.0000000,1186.0000000,2133
YNDX,D,20140707,000000,1200.0000000,1211.8000000,1152.0000000,1160.0000000,19359
YNDX,D,20140708,000000,1165.0000000,1180.0000000,1100.0000000,1113.4000000,26565
YNDX,D,20140709,000000,1100.0000000,1111.0000000,1073.8000000,1094.0000000,19416
YNDX,D,20140710,000000,1100.0000000,1125.7000000,1061.5000000,1077.8000000,11216
YNDX,D,20140711,000000,1072.2000000,1101.5000000,1056.0000000,1099.3000000,35563
YNDX,D,20140714,000000,1095.1000000,1123.5000000,1090.2000000,1118.9000000,6192
YNDX,D,20140715,000000,1123.3000000,1127.5000000,1110.0000000,1114.3000000,2789
YNDX,D,20140716,000000,1114.2000000,1115.5000000,1098.1000000,1106.5000000,7340
YNDX,D,20140717,000000,1098.0000000,1107.5000000,1067.6000000,1088.0000000,7221
YNDX,D,20140718,000000,1080.4000000,1081.4000000,1054.1000000,1072.3000000,7144
YNDX,D,20140721,000000,1080.0000000,1081.4000000,1035.0000000,1047.5000000,8353
YNDX,D,20140722,000000,1050.4000000,1060.0000000,1043.9000000,1060.0000000,10468
YNDX,D,20140723,000000,1061.4000000,1062.0000000,1047.4000000,1056.2000000,5286
YNDX,D,20140724,000000,1056.2000000,1093.4000000,1048.3000000,1077.8000000,5186
YNDX,D,20140725,000000,1077.8000000,1109.4000000,1070.1000000,1075.1000000,5127
YNDX,D,20140728,000000,1060.2000000,1075.0000000,1050.1000000,1055.0000000,3992
YNDX,D,20140729,000000,1055.1000000,1147.6000000,1055.1000000,1116.0000000,11794
YNDX,D,20140730,000000,1112.3000000,1129.8000000,1106.0000000,1120.0000000,3075
YNDX,D,20140731,000000,1129.9000000,1129.9000000,1081.1000000,1087.7000000,4886
YNDX,D,20140801,000000,1096.9000000,1096.9000000,1060.0000000,1062.2000000,6621
YNDX,D,20140804,000000,1073.2000000,1101.9000000,1072.7000000,1089.5000000,7073
YNDX,D,20140805,000000,1101.3000000,1110.9000000,1076.1000000,1094.6000000,528
YNDX,D,20140806,000000,1076.1000000,1076.1000000,1043.0000000,1060.1000000,3329
YNDX,D,20140807,000000,1041.1000000,1055.0000000,1041.1000000,1054.5000000,3528
YNDX,D,20140808,000000,1055.4000000,1055.4000000,1033.5000000,1033.5000000,7617
YNDX,D,20140811,000000,1040.0000000,1071.9000000,1040.0000000,1053.0000000,13759
YNDX,D,20140812,000000,1050.0000000,1070.0000000,1027.9000000,1052.1000000,15203
YNDX,D,20140813,000000,1050.0000000,1067.0000000,1045.1000000,1054.6000000,2194
YNDX,D,20140814,000000,1047.5000000,1065.4000000,1040.0000000,1053.1000000,3752
YNDX,D,20140815,000000,1040.6000000,1060.0000000,1040.0000000,1041.0000000,3461
YNDX,D,20140818,000000,1025.0000000,1038.4000000,1025.0000000,1032.0000000,5929
YNDX,D,20140819,000000,1046.8000000,1100.0000000,1040.0000000,1089.0000000,16771
YNDX,D,20140820,000000,1081.3000000,1116.9000000,1081.3000000,1109.7000000,6577
YNDX,D,20140821,000000,1098.1000000,1103.3000000,1085.7000000,1089.2000000,10737
YNDX,D,20140822,000000,1085.0000000,1085.0000000,1041.0000000,1050.0000000,16800
YNDX,D,20140825,000000,1054.0000000,1066.9000000,1051.0000000,1061.6000000,2679
YNDX,D,20140826,000000,1062.0000000,1068.0000000,1056.0000000,1056.0000000,3465
YNDX,D,20140827,000000,1059.8000000,1062.1000000,1058.0000000,1062.1000000,457
YNDX,D,20140828,000000,1050.2000000,1060.0000000,1041.0000000,1055.0000000,10192
YNDX,D,20140829,000000,1047.0000000,1061.6000000,1044.9000000,1050.0000000,7012
YNDX,D,20140901,000000,1061.7000000,1061.7000000,1050.5000000,1055.5000000,184
YNDX,D,20140902,000000,1059.5000000,1092.9000000,1057.5000000,1087.6000000,1756
YNDX,D,20140903,000000,1089.9000000,1133.3000000,1079.8000000,1116.8000000,49804
YNDX,D,20140904,000000,1124.0000000,1133.9000000,1100.1000000,1119.0000000,13818
YNDX,D,20140905,000000,1109.9000000,1160.0000000,1106.3000000,1159.6000000,15060
YNDX,D,20140908,000000,1168.0000000,1537.8000000,1159.7000000,1173.7000000,12370
YNDX,D,20140909,000000,1170.0000000,1170.0000000,1157.3000000,1157.3000000,1918
YNDX,D,20140910,000000,1150.1000000,1168.5000000,1141.1000000,1149.0000000,3514
YNDX,D,20140911,000000,1154.0000000,1174.0000000,1148.5000000,1149.9000000,3651
YNDX,D,20140912,000000,1144.1000000,1200.9000000,1144.1000000,1173.7000000,4322
YNDX,D,20140915,000000,1187.7000000,1230.0000000,1175.0000000,1230.0000000,26905
YNDX,D,20140916,000000,1185.0000000,1549.9000000,1167.1000000,1176.8000000,41461
YNDX,D,20140917,000000,1190.0000000,1212.9000000,1165.0000000,1174.1000000,22336
YNDX,D,20140918,000000,1173.7000000,1205.0000000,1159.2000000,1164.1000000,17206
YNDX,D,20140919,000000,1162.0000000,1177.0000000,1121.6000000,1148.5000000,18414
YNDX,D,20140922,000000,1159.9000000,1179.0000000,1113.0000000,1135.2000000,9633
YNDX,D,20140923,000000,1115.0000000,1144.8000000,1103.0000000,1125.0000000,11478
YNDX,D,20140924,000000,1125.0000000,1146.4000000,1112.0000000,1130.0000000,12744
YNDX,D,20140925,000000,1149.0000000,1171.6000000,1141.4000000,1154.0000000,16402
YNDX,D,20140926,000000,1154.1000000,1168.8000000,1112.1000000,1162.0000000,8653
YNDX,D,20140929,000000,1163.9000000,1180.0000000,1120.6000000,1131.3000000,15825
YNDX,D,20140930,000000,1119.8000000,1160.0000000,1114.1000000,1130.7000000,18896
YNDX,D,20141001,000000,1107.0000000,1116.0000000,1077.0000000,1091.0000000,10869
YNDX,D,20141002,000000,1072.0000000,1076.0000000,1032.0000000,1035.0000000,9479
YNDX,D,20141003,000000,1065.0000000,1084.0000000,1056.0000000,1078.0000000,7397
YNDX,D,20141006,000000,1081.0000000,1107.0000000,1078.0000000,1082.0000000,12208
YNDX,D,20141007,000000,1077.0000000,1080.0000000,1060.0000000,1069.0000000,6037
YNDX,D,20141008,000000,1061.0000000,1061.0000000,1035.0000000,1036.0000000,5456
YNDX,D,20141009,000000,1047.0000000,1058.0000000,1037.0000000,1037.0000000,3451
YNDX,D,20141010,000000,1045.0000000,1046.0000000,1006.0000000,1011.0000000,4958
YNDX,D,20141013,000000,1027.0000000,1048.0000000,986.0000000,996.0000000,18937
YNDX,D,20141014,000000,1011.0000000,1050.0000000,1010.0000000,1050.0000000,17501
YNDX,D,20141015,000000,1031.0000000,1055.0000000,1001.0000000,1015.0000000,15854
YNDX,D,20141016,000000,1026.0000000,1049.0000000,1010.0000000,1035.0000000,11639
YNDX,D,20141017,000000,1040.0000000,1105.0000000,1040.0000000,1077.0000000,19695
YNDX,D,20141020,000000,1080.0000000,1092.0000000,1060.0000000,1072.0000000,7157
YNDX,D,20141021,000000,1078.0000000,1104.0000000,1076.0000000,1096.0000000,7164
YNDX,D,20141022,000000,1115.0000000,1127.0000000,1106.0000000,1125.0000000,12202
YNDX,D,20141023,000000,1090.0000000,1180.0000000,1075.0000000,1155.0000000,41502
YNDX,D,20141024,000000,1147.0000000,1168.0000000,1132.0000000,1142.0000000,11694
YNDX,D,20141027,000000,1150.0000000,1176.0000000,1136.0000000,1153.0000000,4996
YNDX,D,20141028,000000,1157.0000000,1196.0000000,1157.0000000,1196.0000000,17959
YNDX,D,20141029,000000,1211.0000000,1232.0000000,1202.0000000,1208.0000000,14239
YNDX,D,20141030,000000,1212.0000000,1240.0000000,1166.0000000,1174.0000000,17743
YNDX,D,20141031,000000,1171.0000000,1237.0000000,1160.0000000,1213.0000000,39161
YNDX,D,20141103,000000,1232.0000000,1250.0000000,1200.0000000,1233.0000000,3698
YNDX,D,20141105,000000,1205.0000000,1247.0000000,1172.0000000,1214.0000000,8978
YNDX,D,20141106,000000,1228.0000000,1277.0000000,1221.0000000,1229.0000000,12389
YNDX,D,20141107,000000,1242.0000000,1350.0000000,1205.0000000,1233.0000000,13308
YNDX,D,20141110,000000,1243.0000000,1300.0000000,1156.0000000,1214.0000000,16825
YNDX,D,20141111,000000,1232.0000000,1248.0000000,1182.0000000,1221.0000000,9302
YNDX,D,20141112,000000,1226.0000000,1232.0000000,1186.0000000,1221.0000000,4480
YNDX,D,20141113,000000,1222.0000000,1332.0000000,1220.0000000,1230.0000000,4985
YNDX,D,20141114,000000,1231.0000000,1298.0000000,1210.0000000,1224.0000000,3532
YNDX,D,20141117,000000,1225.0000000,1253.0000000,1223.0000000,1230.0000000,2447
YNDX,D,20141118,000000,1224.0000000,1234.0000000,1212.0000000,1224.0000000,5123
YNDX,D,20141119,000000,1221.0000000,1222.0000000,1204.0000000,1206.0000000,1726
YNDX,D,20141120,000000,1206.0000000,1212.0000000,1194.0000000,1209.0000000,3247
YNDX,D,20141121,000000,1206.0000000,1231.0000000,1180.0000000,1226.0000000,10804
YNDX,D,20141124,000000,1207.0000000,1251.0000000,1174.0000000,1183.0000000,6219
YNDX,D,20141125,000000,1176.0000000,1215.0000000,1162.0000000,1208.0000000,4154
YNDX,D,20141126,000000,1196.0000000,1244.0000000,1184.0000000,1235.0000000,7898
YNDX,D,20141127,000000,1232.0000000,1257.0000000,1174.0000000,1230.0000000,9577
YNDX,D,20141128,000000,1240.0000000,1289.0000000,1218.0000000,1238.0000000,19198
YNDX,D,20141201,000000,1242.0000000,1324.0000000,1200.0000000,1244.0000000,21771
YNDX,D,20141202,000000,1222.0000000,1283.0000000,1205.0000000,1283.0000000,17393
YNDX,D,20141203,000000,1260.0000000,1323.0000000,1240.0000000,1280.0000000,22431
YNDX,D,20141204,000000,1274.0000000,1321.0000000,1210.0000000,1236.0000000,19206
YNDX,D,20141205,000000,1221.0000000,1239.0000000,1137.0000000,1149.0000000,29997
YNDX,D,20141208,000000,1179.0000000,1196.0000000,1076.0000000,1090.0000000,16367
YNDX,D,20141209,000000,1090.0000000,1090.0000000,1034.0000000,1075.0000000,24783
YNDX,D,20141210,000000,1082.0000000,1157.0000000,1055.0000000,1088.0000000,35769
YNDX,D,20141211,000000,1079.0000000,1085.0000000,1050.0000000,1055.0000000,28533
YNDX,D,20141212,000000,1055.0000000,1152.0000000,955.0000000,1133.0000000,26472
YNDX,D,20141215,000000,1125.0000000,1195.0000000,1087.0000000,1127.0000000,33525
YNDX,D,20141216,000000,1095.0000000,1198.0000000,1061.0000000,1131.0000000,26790
YNDX,D,20141217,000000,1175.0000000,1180.0000000,1078.0000000,1096.0000000,13521
YNDX,D,20141218,000000,1101.0000000,1149.0000000,1061.0000000,1100.0000000,27341
YNDX,D,20141219,000000,1118.0000000,1132.0000000,1022.0000000,1063.0000000,32333
YNDX,D,20141222,000000,1065.0000000,1065.0000000,973.0000000,1000.0000000,27332
YNDX,D,20141223,000000,1002.0000000,1032.0000000,990.0000000,1013.0000000,11153
YNDX,D,20141224,000000,991.0000000,1014.0000000,990.0000000,996.0000000,40832
YNDX,D,20141225,000000,1001.0000000,1045.0000000,1001.0000000,1038.0000000,35626
YNDX,D,20141226,000000,1036.0000000,1045.0000000,980.0000000,991.0000000,24041
YNDX,D,20141229,000000,1010.0000000,1044.0000000,971.0000000,1028.0000000,37278
YNDX,D,20141230,000000,1043.0000000,1060.0000000,1010.0000000,1025.0000000,11510
YNDX,D,20150105,000000,1064.0000000,1080.0000000,1051.0000000,1079.0000000,8834
YNDX,D,20150106,000000,1069.0000000,1116.0000000,1047.0000000,1092.0000000,4004
YNDX,D,20150108,000000,1084.0000000,1117.0000000,1069.0000000,1094.0000000,5960
YNDX,D,20150109,000000,1101.0000000,1116.0000000,1030.0000000,1098.0000000,3064
YNDX,D,20150112,000000,1100.0000000,1129.0000000,1093.0000000,1113.0000000,7511
YNDX,D,20150113,000000,1115.0000000,1155.0000000,1115.0000000,1153.0000000,72155
YNDX,D,20150114,000000,1150.0000000,1185.0000000,1147.0000000,1177.0000000,18285
YNDX,D,20150115,000000,1181.0000000,1200.0000000,1165.0000000,1175.0000000,34207
YNDX,D,20150116,000000,1162.0000000,1170.0000000,1150.0000000,1165.0000000,8064
YNDX,D,20150119,000000,1121.0000000,1182.0000000,1121.0000000,1165.0000000,9278
YNDX,D,20150120,000000,1165.0000000,1167.0000000,1101.0000000,1122.0000000,41989
YNDX,D,20150121,000000,1102.0000000,1125.0000000,1075.0000000,1083.0000000,109351
YNDX,D,20150122,000000,1085.0000000,1115.0000000,1084.0000000,1106.0000000,25782
YNDX,D,20150123,000000,1111.0000000,1161.0000000,1104.0000000,1117.0000000,36333
YNDX,D,20150126,000000,1107.0000000,1125.0000000,1105.0000000,1121.0000000,11541
YNDX,D,20150127,000000,1097.0000000,1116.0000000,1084.0000000,1095.0000000,12508
YNDX,D,20150128,000000,1093.0000000,1105.0000000,1069.0000000,1081.0000000,23975
YNDX,D,20150129,000000,1060.0000000,1079.0000000,1045.0000000,1075.0000000,83797
YNDX,D,20150130,000000,1084.0000000,1100.0000000,1052.0000000,1075.0000000,99805
YNDX,D,20150202,000000,1058.0000000,1088.0000000,980.0000000,998.0000000,56487
YNDX,D,20150203,000000,1010.0000000,1034.0000000,992.0000000,997.0000000,75020
YNDX,D,20150204,000000,1008.0000000,1051.0000000,1005.0000000,1050.0000000,41377
YNDX,D,20150205,000000,1040.0000000,1096.0000000,1035.0000000,1090.0000000,37434
YNDX,D,20150206,000000,1090.0000000,1125.0000000,1080.0000000,1084.0000000,20513
YNDX,D,20150209,000000,1084.0000000,1150.0000000,1060.0000000,1078.0000000,65824
YNDX,D,20150210,000000,1059.0000000,1101.0000000,1036.0000000,1045.0000000,69067
YNDX,D,20150211,000000,1049.0000000,1078.0000000,1019.0000000,1037.0000000,49561
YNDX,D,20150212,000000,1047.0000000,1130.0000000,1030.0000000,1071.0000000,79591
YNDX,D,20150213,000000,1084.0000000,1120.0000000,1068.0000000,1115.0000000,40957
YNDX,D,20150216,000000,1105.0000000,1105.0000000,1066.0000000,1070.0000000,46228
YNDX,D,20150217,000000,1058.0000000,1094.0000000,1025.0000000,1030.0000000,59848
YNDX,D,20150218,000000,1041.0000000,1160.0000000,1041.0000000,1084.0000000,158645
YNDX,D,20150219,000000,1078.0000000,1098.0000000,1033.0000000,1049.0000000,66084
YNDX,D,20150220,000000,1050.0000000,1085.0000000,1045.0000000,1053.0000000,56184
YNDX,D,20150224,000000,1045.0000000,1049.0000000,1030.0000000,1038.0000000,53192
YNDX,D,20150225,000000,1044.0000000,1075.0000000,1007.0000000,1025.0000000,95401
YNDX,D,20150226,000000,1039.0000000,1039.0000000,1005.0000000,1009.0000000,59208
YNDX,D,20150227,000000,1016.0000000,1028.0000000,1004.0000000,1016.0000000,46134
YNDX,D,20150302,000000,1020.0000000,1030.0000000,991.0000000,1000.0000000,68616
YNDX,D,20150303,000000,1009.0000000,1022.0000000,998.0000000,1000.0000000,99947
YNDX,D,20150304,000000,1007.0000000,1033.0000000,985.0000000,996.0000000,361726
YNDX,D,20150305,000000,995.0000000,1025.0000000,961.0000000,970.0000000,298547
YNDX,D,20150306,000000,970.0000000,970.0000000,924.0000000,932.0000000,97952
YNDX,D,20150310,000000,908.0000000,917.0000000,866.0000000,885.0000000,110332
YNDX,D,20150311,000000,888.0000000,905.0000000,866.0000000,898.0000000,73763
YNDX,D,20150312,000000,899.0000000,903.0000000,881.0000000,894.0000000,29687
YNDX,D,20150313,000000,899.0000000,899.0000000,870.0000000,880.0000000,42238
YNDX,D,20150316,000000,892.0000000,905.0000000,876.0000000,878.0000000,45875
YNDX,D,20150317,000000,878.0000000,890.0000000,870.0000000,889.0000000,34933
YNDX,D,20150318,000000,886.0000000,899.0000000,871.0000000,877.0000000,29001
YNDX,D,20150319,000000,879.0000000,888.0000000,857.0000000,874.0000000,46088
YNDX,D,20150320,000000,874.0000000,874.0000000,863.0000000,866.0000000,33000
YNDX,D,20150323,000000,866.0000000,891.0000000,863.0000000,874.0000000,42843
YNDX,D,20150324,000000,874.0000000,885.0000000,852.0000000,866.0000000,53437
YNDX,D,20150325,000000,871.0000000,890.0000000,866.0000000,885.0000000,33463
YNDX,D,20150326,000000,884.0000000,888.0000000,859.0000000,880.0000000,36086
YNDX,D,20150327,000000,874.0000000,885.0000000,865.0000000,883.0000000,20581
YNDX,D,20150330,000000,881.0000000,903.0000000,879.0000000,887.0000000,38545
YNDX,D,20150331,000000,891.0000000,895.0000000,878.0000000,893.0000000,28269
YNDX,D,20150401,000000,886.0000000,903.0000000,883.0000000,902.0000000,45071
YNDX,D,20150402,000000,902.0000000,920.0000000,887.0000000,919.0000000,63305
YNDX,D,20150403,000000,924.0000000,946.0000000,922.0000000,940.0000000,34654
YNDX,D,20150406,000000,949.0000000,957.0000000,914.0000000,934.0000000,39591
YNDX,D,20150407,000000,941.0000000,958.0000000,934.0000000,942.0000000,58384
YNDX,D,20150408,000000,939.0000000,958.0000000,920.0000000,946.0000000,38475
YNDX,D,20150409,000000,945.0000000,948.0000000,919.0000000,939.0000000,38162
YNDX,D,20150410,000000,937.0000000,946.0000000,922.0000000,940.0000000,41505
YNDX,D,20150413,000000,947.0000000,969.0000000,931.0000000,941.0000000,61194
YNDX,D,20150414,000000,943.0000000,947.0000000,903.0000000,910.0000000,65429
YNDX,D,20150415,000000,911.0000000,977.0000000,908.0000000,973.0000000,77722
YNDX,D,20150416,000000,988.0000000,1049.0000000,983.0000000,1028.0000000,201027
YNDX,D,20150417,000000,1033.0000000,1064.0000000,1010.0000000,1053.0000000,97613
YNDX,D,20150420,000000,1062.0000000,1076.0000000,1039.0000000,1054.0000000,70628
YNDX,D,20150421,000000,1079.0000000,1100.0000000,1061.0000000,1091.0000000,112546
YNDX,D,20150422,000000,1094.0000000,1095.0000000,1066.0000000,1081.0000000,28801
YNDX,D,20150423,000000,1066.0000000,1083.0000000,1056.0000000,1076.0000000,20436
YNDX,D,20150424,000000,1064.0000000,1072.0000000,1050.0000000,1052.0000000,26802
YNDX,D,20150427,000000,1060.0000000,1075.0000000,1050.0000000,1070.0000000,13031
YNDX,D,20150428,000000,1055.0000000,1070.0000000,947.0000000,986.0000000,136373
YNDX,D,20150429,000000,995.0000000,1013.0000000,968.0000000,997.0000000,35060
YNDX,D,20150430,000000,998.0000000,1010.0000000,994.0000000,1001.0000000,23473
YNDX,D,20150505,000000,999.0000000,1013.0000000,984.0000000,985.0000000,46740
YNDX,D,20150506,000000,995.0000000,1009.0000000,979.0000000,1006.0000000,55440
YNDX,D,20150507,000000,1001.0000000,1005.0000000,961.0000000,968.0000000,82000
YNDX,D,20150508,000000,970.0000000,991.0000000,963.0000000,979.0000000,52763
YNDX,D,20150512,000000,986.0000000,995.0000000,970.0000000,979.0000000,38788
YNDX,D,20150513,000000,975.0000000,982.0000000,940.0000000,944.0000000,78011
YNDX,D,20150514,000000,954.0000000,982.0000000,954.0000000,971.0000000,34923
YNDX,D,20150515,000000,980.0000000,984.0000000,948.0000000,950.0000000,28844
YNDX,D,20150518,000000,946.0000000,947.0000000,928.0000000,944.0000000,45551
YNDX,D,20150519,000000,954.0000000,957.0000000,933.0000000,939.0000000,54705
YNDX,D,20150520,000000,938.0000000,939.0000000,923.0000000,926.0000000,9755
YNDX,D,20150521,000000,928.0000000,940.0000000,926.0000000,935.0000000,25100
YNDX,D,20150522,000000,932.0000000,936.0000000,923.0000000,928.0000000,27601
YNDX,D,20150525,000000,927.0000000,930.0000000,916.0000000,928.0000000,14561
YNDX,D,20150526,000000,929.0000000,939.0000000,915.0000000,923.0000000,20678
YNDX,D,20150527,000000,925.0000000,935.0000000,911.0000000,919.0000000,29120
YNDX,D,20150528,000000,928.0000000,964.0000000,926.0000000,950.0000000,26138
YNDX,D,20150529,000000,964.0000000,980.0000000,941.0000000,941.0000000,31993
YNDX,D,20150601,000000,949.0000000,968.0000000,948.0000000,950.0000000,16336
YNDX,D,20150602,000000,953.0000000,997.0000000,953.0000000,997.0000000,32356
YNDX,D,20150603,000000,990.0000000,1004.0000000,976.0000000,980.0000000,43881
YNDX,D,20150604,000000,980.0000000,999.0000000,970.0000000,993.0000000,28266
YNDX,D,20150605,000000,995.0000000,998.0000000,960.0000000,976.0000000,44361
YNDX,D,20150608,000000,974.0000000,995.0000000,970.0000000,977.0000000,20654
YNDX,D,20150609,000000,970.0000000,974.0000000,948.0000000,965.0000000,25459
YNDX,D,20150610,000000,960.0000000,970.0000000,940.0000000,950.0000000,32914
YNDX,D,20150611,000000,954.0000000,954.0000000,936.0000000,950.0000000,35944
YNDX,D,20150615,000000,954.0000000,964.0000000,942.0000000,946.0000000,23830
YNDX,D,20150616,000000,941.0000000,944.0000000,921.0000000,927.0000000,26004
YNDX,D,20150617,000000,933.0000000,940.0000000,920.0000000,930.0000000,13611
YNDX,D,20150618,000000,931.0000000,931.0000000,902.0000000,906.0000000,40398
YNDX,D,20150619,000000,909.0000000,919.0000000,895.0000000,910.0000000,16534
YNDX,D,20150622,000000,914.0000000,927.0000000,870.0000000,881.0000000,89054
YNDX,D,20150623,000000,883.0000000,894.0000000,866.0000000,871.0000000,44555
YNDX,D,20150624,000000,870.0000000,878.0000000,861.0000000,871.0000000,25898
YNDX,D,20150625,000000,871.0000000,881.0000000,861.0000000,866.0000000,25063
YNDX,D,20150626,000000,866.0000000,884.0000000,846.0000000,855.0000000,52779
YNDX,D,20150629,000000,853.0000000,863.0000000,835.0000000,842.0000000,32766
YNDX,D,20150630,000000,840.0000000,864.0000000,822.0000000,848.0000000,58406
YNDX,D,20150701,000000,847.0000000,865.0000000,845.0000000,853.0000000,24063
YNDX,D,20150702,000000,845.0000000,856.0000000,840.0000000,853.0000000,23690
YNDX,D,20150703,000000,853.0000000,859.0000000,843.0000000,857.0000000,13915
YNDX,D,20150706,000000,853.0000000,867.0000000,843.0000000,860.0000000,36238
YNDX,D,20150707,000000,858.0000000,880.0000000,801.0000000,820.0000000,128527
YNDX,D,20150708,000000,840.0000000,852.0000000,821.0000000,845.0000000,67615
YNDX,D,20150709,000000,855.0000000,862.0000000,838.0000000,855.0000000,39253
YNDX,D,20150710,000000,854.0000000,867.0000000,838.0000000,845.0000000,29611
YNDX,D,20150713,000000,844.0000000,857.0000000,839.0000000,857.0000000,27707
YNDX,D,20150714,000000,860.0000000,880.0000000,858.0000000,880.0000000,46761
YNDX,D,20150715,000000,879.0000000,890.0000000,856.0000000,875.0000000,23942
YNDX,D,20150716,000000,868.0000000,880.0000000,867.0000000,873.0000000,21212
YNDX,D,20150717,000000,873.0000000,904.0000000,873.0000000,900.0000000,39649
YNDX,D,20150720,000000,901.0000000,904.0000000,885.0000000,891.0000000,29294
YNDX,D,20150721,000000,887.0000000,894.0000000,873.0000000,889.0000000,25304
YNDX,D,20150722,000000,883.0000000,884.0000000,865.0000000,865.0000000,22400
YNDX,D,20150723,000000,870.0000000,879.0000000,859.0000000,879.0000000,21442
YNDX,D,20150724,000000,874.0000000,890.0000000,856.0000000,867.0000000,28701
YNDX,D,20150727,000000,866.0000000,871.0000000,845.0000000,860.0000000,21662
YNDX,D,20150728,000000,864.0000000,890.0000000,864.0000000,883.0000000,40504
YNDX,D,20150729,000000,883.0000000,914.0000000,880.0000000,903.0000000,25671
YNDX,D,20150730,000000,905.0000000,929.0000000,884.0000000,898.0000000,99490
YNDX,D,20150731,000000,886.0000000,887.0000000,850.0000000,882.0000000,96142
YNDX,D,20150803,000000,872.0000000,886.0000000,845.0000000,866.0000000,45732
YNDX,D,20150804,000000,866.0000000,885.0000000,860.0000000,869.0000000,23533
YNDX,D,20150805,000000,868.0000000,885.0000000,864.0000000,878.0000000,21998
YNDX,D,20150806,000000,880.0000000,880.0000000,844.0000000,850.0000000,75981
YNDX,D,20150807,000000,854.0000000,869.0000000,854.0000000,860.0000000,28438
YNDX,D,20150810,000000,862.0000000,870.0000000,853.0000000,858.0000000,23214
YNDX,D,20150811,000000,858.0000000,869.0000000,846.0000000,851.0000000,52602
YNDX,D,20150812,000000,853.0000000,858.0000000,825.0000000,830.0000000,101179
YNDX,D,20150813,000000,836.0000000,851.0000000,831.0000000,839.0000000,95828
YNDX,D,20150814,000000,837.0000000,846.0000000,821.0000000,831.0000000,64739
YNDX,D,20150817,000000,828.0000000,847.0000000,825.0000000,835.0000000,64859
YNDX,D,20150818,000000,831.0000000,831.0000000,812.0000000,819.0000000,42911
YNDX,D,20150819,000000,822.0000000,832.0000000,790.0000000,799.0000000,125769
YNDX,D,20150820,000000,800.0000000,809.0000000,773.0000000,780.0000000,76743
YNDX,D,20150821,000000,778.0000000,787.0000000,762.0000000,770.0000000,60536
YNDX,D,20150824,000000,741.0000000,762.0000000,711.0000000,738.0000000,163304
YNDX,D,20150825,000000,739.0000000,769.0000000,732.0000000,764.0000000,111466
YNDX,D,20150826,000000,754.0000000,767.0000000,737.0000000,742.0000000,103693
YNDX,D,20150827,000000,747.0000000,780.0000000,746.0000000,776.0000000,121195
YNDX,D,20150828,000000,786.0000000,806.0000000,783.0000000,800.0000000,99452
YNDX,D,20150831,000000,801.0000000,814.0000000,791.0000000,805.0000000,78096
YNDX,D,20150901,000000,797.0000000,807.0000000,770.0000000,782.0000000,93881
YNDX,D,20150902,000000,772.0000000,797.0000000,772.0000000,780.0000000,58502
YNDX,D,20150903,000000,783.0000000,801.0000000,783.0000000,795.0000000,55513
YNDX,D,20150904,000000,789.0000000,797.0000000,782.0000000,790.0000000,68927
YNDX,D,20150907,000000,787.0000000,795.0000000,784.0000000,786.0000000,39642
YNDX,D,20150908,000000,788.0000000,799.0000000,785.0000000,786.0000000,39563
YNDX,D,20150909,000000,785.0000000,801.0000000,782.0000000,787.0000000,89589
YNDX,D,20150910,000000,787.0000000,795.0000000,767.0000000,773.0000000,104104
YNDX,D,20150911,000000,775.0000000,780.0000000,755.0000000,760.0000000,81910
YNDX,D,20150914,000000,762.0000000,836.0000000,741.0000000,809.0000000,347085
YNDX,D,20150915,000000,813.0000000,829.0000000,792.0000000,815.0000000,138531
YNDX,D,20150916,000000,814.0000000,872.0000000,807.0000000,862.0000000,156563
YNDX,D,20150917,000000,859.0000000,869.0000000,850.0000000,860.0000000,45814
YNDX,D,20150918,000000,869.0000000,873.0000000,832.0000000,841.0000000,68487
YNDX,D,20150921,000000,841.0000000,847.0000000,821.0000000,826.0000000,22671
YNDX,D,20150922,000000,820.0000000,821.0000000,774.0000000,775.0000000,106138
YNDX,D,20150923,000000,778.0000000,800.0000000,749.0000000,752.0000000,153482
YNDX,D,20150924,000000,750.0000000,752.0000000,705.0000000,714.0000000,151450
YNDX,D,20150925,000000,717.0000000,738.0000000,706.0000000,714.0000000,140526
YNDX,D,20150928,000000,712.0000000,720.0000000,686.0000000,694.0000000,91842
YNDX,D,20150929,000000,688.0000000,715.0000000,683.0000000,703.0000000,129444
YNDX,D,20150930,000000,710.0000000,732.0000000,704.0000000,713.0000000,110470
YNDX,D,20151001,000000,718.0000000,722.0000000,698.0000000,704.0000000,58288
YNDX,D,20151002,000000,706.0000000,734.0000000,701.0000000,730.0000000,81032
YNDX,D,20151005,000000,737.0000000,783.0000000,737.0000000,775.0000000,130625
YNDX,D,20151006,000000,781.0000000,794.0000000,752.0000000,769.0000000,103569
YNDX,D,20151007,000000,770.0000000,785.0000000,738.0000000,745.0000000,111838
YNDX,D,20151008,000000,749.0000000,749.0000000,731.0000000,736.0000000,62763
YNDX,D,20151009,000000,742.0000000,769.0000000,736.0000000,763.0000000,76620
YNDX,D,20151012,000000,763.0000000,767.0000000,732.0000000,743.0000000,63315
YNDX,D,20151013,000000,744.0000000,821.0000000,744.0000000,814.0000000,239794
YNDX,D,20151014,000000,809.0000000,823.0000000,787.0000000,818.0000000,151244
YNDX,D,20151015,000000,828.0000000,862.0000000,821.0000000,821.0000000,214022
YNDX,D,20151016,000000,827.0000000,844.0000000,813.0000000,813.0000000,76770
YNDX,D,20151019,000000,816.0000000,857.0000000,815.0000000,845.0000000,83043
YNDX,D,20151020,000000,842.0000000,854.0000000,830.0000000,834.0000000,52935
YNDX,D,20151021,000000,834.0000000,836.0000000,801.0000000,822.0000000,62233
YNDX,D,20151022,000000,820.0000000,840.0000000,813.0000000,836.0000000,48942
YNDX,D,20151023,000000,822.0000000,823.0000000,798.0000000,813.0000000,121991
YNDX,D,20151026,000000,816.0000000,854.0000000,808.0000000,838.0000000,91351
YNDX,D,20151027,000000,862.0000000,965.0000000,851.0000000,940.0000000,622409
YNDX,D,20151028,000000,961.0000000,1009.0000000,932.0000000,1002.0000000,319794
YNDX,D,20151029,000000,992.0000000,1020.0000000,971.0000000,1009.0000000,123568
YNDX,D,20151030,000000,1002.0000000,1022.0000000,989.0000000,1016.0000000,59115
YNDX,D,20151102,000000,1020.0000000,1036.8000000,1003.1000000,1030.0000000,83151
YNDX,D,20151103,000000,1034.3000000,1039.9000000,1011.0000000,1011.0000000,76597
YNDX,D,20151105,000000,1003.1000000,1011.7000000,980.0000000,980.0000000,66578
YNDX,D,20151106,000000,982.1000000,1005.0000000,967.0000000,994.9000000,55334
YNDX,D,20151109,000000,1001.8000000,1028.4000000,994.2000000,1012.0000000,44127
YNDX,D,20151110,000000,1021.2000000,1036.5000000,1011.7000000,1027.0000000,61240
YNDX,D,20151111,000000,1020.1000000,1048.9000000,1015.2000000,1040.0000000,51775
YNDX,D,20151112,000000,1040.5000000,1049.9000000,1005.0000000,1020.6000000,55771
YNDX,D,20151113,000000,1017.9000000,1020.0000000,990.0000000,1001.0000000,42234
YNDX,D,20151116,000000,997.6000000,1022.0000000,997.6000000,1015.1000000,31774
YNDX,D,20151117,000000,1014.9000000,1080.5000000,1012.2000000,1059.0000000,103384
YNDX,D,20151118,000000,1063.2000000,1098.8000000,1050.2000000,1094.0000000,115818
YNDX,D,20151119,000000,1098.9000000,1106.8000000,1071.8000000,1086.0000000,150546
YNDX,D,20151120,000000,1090.3000000,1120.9000000,1089.1000000,1111.0000000,44906
YNDX,D,20151123,000000,1112.0000000,1150.0000000,1112.0000000,1129.9000000,56335
YNDX,D,20151124,000000,1125.2000000,1131.4000000,1060.0000000,1092.0000000,87860
YNDX,D,20151125,000000,1095.7000000,1149.9000000,1095.5000000,1127.0000000,48843
YNDX,D,20151126,000000,1119.9000000,1148.8000000,1115.0000000,1117.7000000,23563
YNDX,D,20151127,000000,1116.2000000,1121.6000000,1066.2000000,1074.5000000,51467
YNDX,D,20151130,000000,1074.4000000,1099.0000000,1074.4000000,1094.0000000,33272
YNDX,D,20151201,000000,1097.2000000,1108.2000000,1076.0000000,1086.0000000,22606
YNDX,D,20151202,000000,1079.4000000,1104.0000000,1051.8000000,1104.0000000,68236
YNDX,D,20151203,000000,1105.0000000,1114.0000000,1094.8000000,1099.0000000,24364
YNDX,D,20151204,000000,1092.6000000,1104.9000000,1071.6000000,1087.1000000,36766
YNDX,D,20151207,000000,1091.5000000,1091.6000000,1038.2000000,1060.0000000,36564
YNDX,D,20151208,000000,1055.1000000,1058.0000000,1003.1000000,1038.9000000,58815
YNDX,D,20151209,000000,1038.2000000,1060.0000000,1034.4000000,1050.0000000,21844
YNDX,D,20151210,000000,1047.0000000,1051.7000000,1030.0000000,1030.3000000,31961
YNDX,D,20151211,000000,1033.9000000,1055.0000000,1020.1000000,1037.0000000,37768
YNDX,D,20151214,000000,1029.1000000,1030.0000000,981.1000000,984.4000000,57670
YNDX,D,20151215,000000,995.1000000,1059.6000000,994.5000000,1055.0000000,81371
YNDX,D,20151216,000000,1060.0000000,1085.0000000,1056.0000000,1067.0000000,28202
YNDX,D,20151217,000000,1069.9000000,1111.1000000,1064.9000000,1084.9000000,42062
YNDX,D,20151218,000000,1084.6000000,1089.9000000,1061.2000000,1075.1000000,29548
YNDX,D,20151221,000000,1085.0000000,1103.8000000,1070.2000000,1095.1000000,28543
YNDX,D,20151222,000000,1104.0000000,1119.0000000,1090.1000000,1090.1000000,28452
YNDX,D,20151223,000000,1095.6000000,1129.4000000,1091.7000000,1125.1000000,44509
YNDX,D,20151224,000000,1112.4000000,1136.0000000,1100.6000000,1129.1000000,29432
YNDX,D,20151225,000000,1110.2000000,1121.3000000,1102.1000000,1110.0000000,19317
YNDX,D,20151228,000000,1109.2000000,1133.6000000,1107.8000000,1119.5000000,25923
YNDX,D,20151229,000000,1129.7000000,1152.1000000,1121.1000000,1138.0000000,26402
YNDX,D,20151230,000000,1136.1000000,1159.8000000,1136.1000000,1147.0000000,25502
YNDX,D,20160104,000000,1148.9000000,1157.9000000,1060.0000000,1064.1000000,55784
YNDX,D,20160105,000000,1080.1000000,1134.8000000,1075.2000000,1133.9000000,41995
YNDX,D,20160106,000000,1131.9000000,1133.5000000,1095.0000000,1112.0000000,38189
YNDX,D,20160111,000000,1027.5000000,1075.0000000,987.0000000,987.0000000,141169
YNDX,D,20160112,000000,982.5000000,1004.2000000,972.2000000,999.0000000,109601
YNDX,D,20160113,000000,1004.1000000,1023.8000000,1004.1000000,1006.0000000,50263
YNDX,D,20160114,000000,998.0000000,1009.9000000,970.2000000,1009.0000000,72349
YNDX,D,20160115,000000,1010.0000000,1014.0000000,930.0000000,954.0000000,85966
YNDX,D,20160118,000000,949.0000000,978.1000000,900.1000000,963.0000000,46699
YNDX,D,20160119,000000,969.9000000,990.8000000,951.7000000,954.0000000,85781
YNDX,D,20160120,000000,943.1000000,946.9000000,903.2000000,912.5000000,98080
YNDX,D,20160121,000000,926.9000000,1023.0000000,920.1000000,1020.0000000,146107
YNDX,D,20160122,000000,1023.0000000,1039.0000000,995.5000000,1020.0000000,96113
YNDX,D,20160125,000000,1020.0000000,1030.0000000,988.0000000,1002.1000000,64008
YNDX,D,20160126,000000,1003.0000000,1023.8000000,990.0000000,1012.0000000,58906
YNDX,D,20160127,000000,1019.5000000,1054.8000000,1018.2000000,1049.9000000,88938
YNDX,D,20160128,000000,1049.0000000,1051.0000000,1011.0000000,1017.4000000,84808
YNDX,D,20160129,000000,1019.0000000,1029.8000000,1005.2000000,1007.0000000,57217
YNDX,D,20160201,000000,1015.0000000,1026.0000000,1000.0000000,1013.0000000,39630
YNDX,D,20160202,000000,1022.5000000,1041.0000000,1006.0000000,1012.0000000,50384
YNDX,D,20160203,000000,1012.5000000,1028.0000000,1000.5000000,1012.5000000,39685
YNDX,D,20160204,000000,1020.5000000,1061.0000000,1016.5000000,1054.0000000,122360
YNDX,D,20160205,000000,1046.0000000,1046.0000000,1023.0000000,1023.0000000,46287
YNDX,D,20160208,000000,1021.0000000,1022.0000000,968.0000000,986.0000000,95054
YNDX,D,20160209,000000,991.5000000,1017.0000000,970.0000000,992.0000000,81971
YNDX,D,20160210,000000,980.5000000,1010.0000000,975.0000000,998.0000000,63650
YNDX,D,20160211,000000,999.0000000,1013.0000000,985.0000000,1007.0000000,59547
YNDX,D,20160212,000000,1006.0000000,1022.5000000,989.0000000,989.0000000,50041
YNDX,D,20160215,000000,1006.0000000,1018.5000000,1000.0000000,1008.0000000,37493
YNDX,D,20160216,000000,1011.5000000,1075.5000000,997.0000000,1072.0000000,174733
YNDX,D,20160217,000000,1064.0000000,1081.0000000,1036.0000000,1044.0000000,127367
YNDX,D,20160218,000000,1035.0000000,1060.0000000,1004.0000000,1014.0000000,114810
YNDX,D,20160219,000000,1005.0000000,1012.5000000,976.5000000,989.0000000,154533
YNDX,D,20160220,000000,985.5000000,996.0000000,980.0000000,987.5000000,14819
YNDX,D,20160222,000000,996.0000000,1008.5000000,986.0000000,1002.5000000,47757
YNDX,D,20160224,000000,990.5000000,1001.5000000,972.0000000,974.5000000,76231
YNDX,D,20160225,000000,992.5000000,995.0000000,976.5000000,982.0000000,70155
YNDX,D,20160226,000000,977.5000000,1012.0000000,975.5000000,983.5000000,144720
YNDX,D,20160229,000000,979.5000000,994.5000000,976.0000000,978.0000000,67813
YNDX,D,20160301,000000,975.5000000,991.5000000,971.0000000,989.5000000,62097
YNDX,D,20160302,000000,993.0000000,1009.0000000,980.5000000,1003.0000000,71302
YNDX,D,20160303,000000,1019.5000000,1045.5000000,1010.0000000,1018.0000000,123660
YNDX,D,20160304,000000,1005.5000000,1021.0000000,987.5000000,999.0000000,114317
YNDX,D,20160307,000000,1026.5000000,1029.5000000,1007.5000000,1020.0000000,76725
YNDX,D,20160309,000000,1004.5000000,1009.0000000,991.0000000,994.0000000,108964
YNDX,D,20160310,000000,990.5000000,998.0000000,976.0000000,978.5000000,95508
YNDX,D,20160311,000000,985.0000000,993.0000000,973.0000000,979.0000000,84474
YNDX,D,20160314,000000,992.0000000,1035.5000000,985.5000000,1023.0000000,220367
YNDX,D,20160315,000000,1033.0000000,1039.5000000,995.5000000,1004.0000000,109028
YNDX,D,20160316,000000,1000.5000000,1039.5000000,997.5000000,1021.0000000,132607
YNDX,D,20160317,000000,1040.0000000,1044.0000000,1022.0000000,1032.0000000,66233
YNDX,D,20160318,000000,1040.0000000,1049.0000000,1021.5000000,1034.5000000,61476
YNDX,D,20160321,000000,1033.5000000,1037.5000000,1020.0000000,1022.0000000,44912
YNDX,D,20160322,000000,1026.0000000,1027.0000000,1005.0000000,1023.5000000,50907
YNDX,D,20160323,000000,1025.5000000,1035.0000000,1018.5000000,1020.5000000,41697
YNDX,D,20160324,000000,1028.0000000,1032.0000000,1018.0000000,1028.0000000,28409
YNDX,D,20160325,000000,1029.5000000,1037.0000000,1026.5000000,1032.5000000,6445
YNDX,D,20160328,000000,1035.0000000,1040.5000000,1001.0000000,1013.0000000,38499
YNDX,D,20160329,000000,1022.0000000,1036.0000000,1006.0000000,1036.0000000,49095
YNDX,D,20160330,000000,1039.0000000,1061.0000000,1036.0000000,1041.5000000,69512
YNDX,D,20160331,000000,1043.0000000,1050.0000000,1015.0000000,1022.0000000,57980
YNDX,D,20160401,000000,1025.0000000,1035.0000000,1014.0000000,1028.0000000,41564
YNDX,D,20160404,000000,1039.0000000,1042.5000000,1030.0000000,1033.0000000,32092
YNDX,D,20160405,000000,1033.0000000,1046.0000000,1023.0000000,1039.0000000,33833
YNDX,D,20160406,000000,1035.5000000,1047.0000000,1026.5000000,1041.0000000,31361
YNDX,D,20160407,000000,1042.0000000,1063.5000000,1035.5000000,1060.0000000,69136
YNDX,D,20160408,000000,1048.0000000,1049.5000000,1018.0000000,1018.0000000,122002
YNDX,D,20160411,000000,1014.0000000,1054.5000000,1011.5000000,1045.0000000,111668
YNDX,D,20160412,000000,1042.5000000,1093.0000000,1041.5000000,1088.5000000,111892
YNDX,D,20160413,000000,1093.0000000,1133.0000000,1089.5000000,1127.0000000,94435
YNDX,D,20160414,000000,1112.0000000,1124.0000000,1090.0000000,1109.5000000,71957
YNDX,D,20160415,000000,1104.5000000,1114.5000000,1101.5000000,1109.0000000,33596
YNDX,D,20160418,000000,1091.0000000,1139.0000000,1084.0000000,1130.0000000,47972
YNDX,D,20160419,000000,1131.5000000,1150.0000000,1130.0000000,1148.0000000,54307
YNDX,D,20160420,000000,1147.0000000,1188.0000000,1142.5000000,1186.0000000,61999
YNDX,D,20160421,000000,1182.5000000,1209.5000000,1171.0000000,1200.0000000,85130
YNDX,D,20160422,000000,1204.0000000,1218.0000000,1190.0000000,1196.0000000,81865
YNDX,D,20160425,000000,1197.5000000,1218.5000000,1175.5000000,1176.5000000,79699
YNDX,D,20160426,000000,1187.0000000,1190.0000000,1171.0000000,1173.0000000,33921
YNDX,D,20160427,000000,1182.0000000,1197.0000000,1164.5000000,1194.0000000,59542
YNDX,D,20160428,000000,1191.5000000,1310.0000000,1190.5000000,1300.0000000,327259
YNDX,D,20160429,000000,1300.0000000,1313.0000000,1271.0000000,1301.0000000,82426
YNDX,D,20160504,000000,1310.0000000,1400.0000000,1295.5000000,1337.5000000,39333
YNDX,D,20160505,000000,1334.5000000,1334.5000000,1292.0000000,1316.5000000,60698
YNDX,D,20160506,000000,1315.5000000,1316.0000000,1270.0000000,1291.0000000,69623
YNDX,D,20160510,000000,1283.5000000,1299.5000000,1260.0000000,1291.5000000,55376
YNDX,D,20160511,000000,1298.0000000,1310.0000000,1284.5000000,1286.0000000,29919
YNDX,D,20160512,000000,1286.5000000,1298.5000000,1266.0000000,1277.0000000,36641
YNDX,D,20160513,000000,1264.0000000,1289.0000000,1250.5000000,1276.5000000,35654
YNDX,D,20160516,000000,1264.0000000,1302.0000000,1262.0000000,1297.0000000,35942
YNDX,D,20160517,000000,1299.5000000,1299.5000000,1266.0000000,1278.5000000,45377
YNDX,D,20160518,000000,1276.5000000,1287.5000000,1265.0000000,1267.5000000,24537
YNDX,D,20160519,000000,1265.0000000,1272.5000000,1245.0000000,1261.0000000,34258
YNDX,D,20160520,000000,1261.0000000,1282.5000000,1256.0000000,1278.0000000,48596
YNDX,D,20160523,000000,1276.0000000,1298.5000000,1266.0000000,1288.0000000,39669
YNDX,D,20160524,000000,1285.0000000,1291.0000000,1278.5000000,1289.5000000,28406
YNDX,D,20160525,000000,1287.5000000,1309.0000000,1280.5000000,1305.0000000,62664
YNDX,D,20160526,000000,1298.5000000,1329.0000000,1292.5000000,1303.5000000,51472
YNDX,D,20160527,000000,1310.0000000,1329.5000000,1305.5000000,1311.0000000,32577
YNDX,D,20160530,000000,1321.0000000,1326.5000000,1314.5000000,1317.5000000,7512
YNDX,D,20160531,000000,1318.0000000,1370.0000000,1304.0000000,1357.0000000,66821
YNDX,D,20160601,000000,1370.0000000,1390.5000000,1342.5000000,1369.5000000,45287
YNDX,D,20160602,000000,1369.5000000,1389.5000000,1353.5000000,1371.0000000,27014
YNDX,D,20160603,000000,1378.5000000,1387.0000000,1358.0000000,1370.0000000,38559
YNDX,D,20160606,000000,1390.0000000,1427.0000000,1383.0000000,1399.0000000,62212
YNDX,D,20160607,000000,1410.5000000,1427.0000000,1396.0000000,1413.0000000,36704
YNDX,D,20160608,000000,1422.0000000,1456.0000000,1410.0000000,1450.0000000,26614
YNDX,D,20160609,000000,1452.5000000,1476.0000000,1445.0000000,1464.0000000,31928
YNDX,D,20160610,000000,1469.0000000,1499.5000000,1430.0000000,1430.0000000,37549
YNDX,D,20160614,000000,1427.5000000,1431.0000000,1371.0000000,1375.5000000,62608
YNDX,D,20160615,000000,1385.0000000,1419.5000000,1372.5000000,1408.5000000,55396
YNDX,D,20160616,000000,1401.0000000,1401.0000000,1353.5000000,1380.0000000,49836
YNDX,D,20160617,000000,1366.0000000,1414.0000000,1363.0000000,1406.0000000,44249
YNDX,D,20160620,000000,1424.5000000,1450.0000000,1408.5000000,1418.5000000,52708
YNDX,D,20160621,000000,1416.0000000,1429.0000000,1371.0000000,1377.0000000,30649
YNDX,D,20160622,000000,1384.5000000,1414.5000000,1371.5000000,1407.0000000,28283
YNDX,D,20160623,000000,1406.0000000,1448.0000000,1405.5000000,1428.0000000,23256
YNDX,D,20160624,000000,1403.0000000,1429.5000000,1360.5000000,1379.5000000,51708
YNDX,D,20160627,000000,1391.0000000,1409.5000000,1280.0000000,1291.0000000,82886
YNDX,D,20160628,000000,1305.0000000,1353.0000000,1302.0000000,1336.0000000,32494
YNDX,D,20160629,000000,1359.5000000,1374.5000000,1335.0000000,1372.5000000,19361
YNDX,D,20160630,000000,1375.0000000,1406.0000000,1360.5000000,1399.0000000,24258
YNDX,D,20160701,000000,1393.0000000,1415.5000000,1375.0000000,1403.0000000,25838
YNDX,D,20160704,000000,1401.0000000,1401.0000000,1379.5000000,1390.0000000,12952
YNDX,D,20160705,000000,1380.5000000,1402.0000000,1364.0000000,1383.0000000,20290
YNDX,D,20160706,000000,1394.5000000,1399.5000000,1348.0000000,1373.5000000,23896
YNDX,D,20160707,000000,1378.5000000,1409.0000000,1375.0000000,1390.0000000,41944
YNDX,D,20160708,000000,1391.0000000,1424.0000000,1383.0000000,1413.0000000,15692
YNDX,D,20160711,000000,1425.0000000,1434.0000000,1403.5000000,1407.0000000,17543
YNDX,D,20160712,000000,1410.0000000,1479.0000000,1406.5000000,1473.0000000,31278
YNDX,D,20160713,000000,1473.0000000,1473.0000000,1400.5000000,1403.0000000,33006
YNDX,D,20160714,000000,1413.5000000,1429.5000000,1391.0000000,1391.0000000,43031
YNDX,D,20160715,000000,1390.0000000,1414.0000000,1371.0000000,1373.5000000,48486
YNDX,D,20160718,000000,1375.0000000,1375.0000000,1347.5000000,1354.0000000,50312
YNDX,D,20160719,000000,1358.0000000,1364.5000000,1341.5000000,1345.5000000,28147
YNDX,D,20160720,000000,1343.0000000,1360.0000000,1335.0000000,1360.0000000,18096
YNDX,D,20160721,000000,1354.0000000,1388.5000000,1354.0000000,1376.0000000,18809
YNDX,D,20160722,000000,1370.5000000,1395.0000000,1360.0000000,1387.5000000,16493
YNDX,D,20160725,000000,1398.0000000,1413.0000000,1368.0000000,1377.5000000,20457
YNDX,D,20160726,000000,1373.0000000,1417.0000000,1365.0000000,1404.0000000,40460
YNDX,D,20160727,000000,1392.5000000,1419.5000000,1390.5000000,1419.0000000,33913
YNDX,D,20160728,000000,1436.5000000,1543.0000000,1424.0000000,1485.5000000,157214
YNDX,D,20160729,000000,1487.0000000,1512.5000000,1430.5000000,1442.0000000,45620
YNDX,D,20160801,000000,1442.0000000,1464.0000000,1426.5000000,1438.5000000,26702
YNDX,D,20160802,000000,1434.0000000,1444.5000000,1400.0000000,1416.0000000,37551
YNDX,D,20160803,000000,1415.0000000,1435.0000000,1400.5000000,1409.0000000,22141
YNDX,D,20160804,000000,1403.0000000,1419.5000000,1395.0000000,1417.0000000,30503
YNDX,D,20160805,000000,1412.0000000,1429.0000000,1401.0000000,1429.0000000,19140
YNDX,D,20160808,000000,1428.0000000,1434.0000000,1410.5000000,1420.0000000,10165
YNDX,D,20160809,000000,1415.0000000,1449.0000000,1410.5000000,1447.0000000,15415
YNDX,D,20160810,000000,1447.0000000,1460.0000000,1440.5000000,1447.0000000,16960
YNDX,D,20160811,000000,1455.0000000,1492.0000000,1438.5000000,1485.0000000,27182
YNDX,D,20160812,000000,1494.0000000,1510.5000000,1485.5000000,1506.0000000,21162
YNDX,D,20160815,000000,1506.5000000,1529.0000000,1495.0000000,1498.0000000,28247
YNDX,D,20160816,000000,1498.0000000,1514.5000000,1476.5000000,1491.0000000,18162
YNDX,D,20160817,000000,1493.5000000,1497.0000000,1445.0000000,1459.0000000,39996
YNDX,D,20160818,000000,1462.0000000,1476.0000000,1443.0000000,1451.0000000,48051
YNDX,D,20160819,000000,1454.0000000,1458.5000000,1439.0000000,1445.5000000,18216
YNDX,D,20160822,000000,1433.5000000,1459.0000000,1415.5000000,1441.0000000,29108
YNDX,D,20160823,000000,1433.5000000,1454.5000000,1430.0000000,1449.0000000,25140
YNDX,D,20160824,000000,1459.0000000,1463.5000000,1440.5000000,1453.0000000,18354
YNDX,D,20160825,000000,1465.0000000,1476.0000000,1444.5000000,1444.5000000,23227
YNDX,D,20160826,000000,1441.5000000,1470.0000000,1430.0000000,1447.0000000,31592
YNDX,D,20160829,000000,1440.5000000,1457.0000000,1430.5000000,1442.0000000,28693
YNDX,D,20160830,000000,1442.5000000,1454.0000000,1430.5000000,1437.5000000,19520
YNDX,D,20160831,000000,1440.0000000,1447.5000000,1421.0000000,1428.0000000,20219
YNDX,D,20160901,000000,1430.5000000,1469.0000000,1430.0000000,1464.0000000,32846
YNDX,D,20160902,000000,1464.5000000,1475.0000000,1447.5000000,1463.0000000,19268
YNDX,D,20160905,000000,1463.0000000,1465.0000000,1455.0000000,1455.5000000,5391
YNDX,D,20160906,000000,1458.5000000,1482.5000000,1439.0000000,1441.0000000,38416
YNDX,D,20160907,000000,1438.5000000,1441.5000000,1410.5000000,1418.0000000,42108
YNDX,D,20160908,000000,1420.0000000,1443.5000000,1408.5000000,1409.0000000,54985
YNDX,D,20160909,000000,1409.0000000,1410.0000000,1345.5000000,1370.0000000,95696
YNDX,D,20160912,000000,1359.5000000,1365.5000000,1317.0000000,1350.0000000,172413
YNDX,D,20160913,000000,1359.5000000,1360.0000000,1302.0000000,1326.0000000,89319
YNDX,D,20160914,000000,1326.5000000,1339.5000000,1316.0000000,1321.5000000,36058
YNDX,D,20160915,000000,1324.0000000,1342.0000000,1309.0000000,1319.5000000,67920
YNDX,D,20160916,000000,1327.5000000,1344.5000000,1316.0000000,1335.0000000,28864
YNDX,D,20160919,000000,1348.0000000,1359.0000000,1338.0000000,1341.0000000,27941
YNDX,D,20160920,000000,1344.0000000,1354.5000000,1333.0000000,1341.0000000,24799
YNDX,D,20160921,000000,1359.0000000,1359.5000000,1338.0000000,1348.5000000,16237
YNDX,D,20160922,000000,1362.0000000,1403.5000000,1352.0000000,1401.0000000,52219
YNDX,D,20160923,000000,1406.0000000,1408.0000000,1377.5000000,1398.5000000,28966
YNDX,D,20160926,000000,1381.5000000,1385.0000000,1356.5000000,1370.0000000,24175
YNDX,D,20160927,000000,1383.0000000,1383.0000000,1347.0000000,1353.0000000,19365
YNDX,D,20160928,000000,1363.0000000,1369.0000000,1350.0000000,1355.0000000,20131
YNDX,D,20160929,000000,1365.0000000,1369.5000000,1341.0000000,1353.0000000,38008
YNDX,D,20160930,000000,1345.5000000,1353.5000000,1327.0000000,1341.0000000,24020
YNDX,D,20161003,000000,1325.0000000,1359.0000000,1320.0000000,1356.0000000,24540
YNDX,D,20161004,000000,1362.0000000,1362.0000000,1334.0000000,1346.0000000,19350
YNDX,D,20161005,000000,1333.0000000,1375.0000000,1330.0000000,1371.0000000,35997
YNDX,D,20161006,000000,1378.0000000,1383.0000000,1359.0000000,1376.5000000,22804
YNDX,D,20161007,000000,1380.0000000,1391.0000000,1363.0000000,1367.0000000,14436
YNDX,D,20161010,000000,1361.5000000,1381.5000000,1350.0000000,1352.5000000,11316
YNDX,D,20161011,000000,1345.5000000,1361.0000000,1340.5000000,1350.5000000,24177
YNDX,D,20161012,000000,1353.5000000,1354.5000000,1282.0000000,1290.0000000,62073
YNDX,D,20161013,000000,1277.0000000,1288.0000000,1218.0000000,1231.0000000,152236
YNDX,D,20161014,000000,1209.5000000,1243.0000000,1194.5000000,1212.0000000,76714
YNDX,D,20161017,000000,1202.0000000,1207.0000000,1181.0000000,1186.0000000,45822
YNDX,D,20161018,000000,1194.0000000,1237.5000000,1194.0000000,1228.5000000,40374
YNDX,D,20161019,000000,1237.0000000,1255.5000000,1232.5000000,1238.5000000,44581
YNDX,D,20161020,000000,1244.0000000,1245.5000000,1223.0000000,1234.0000000,25030
YNDX,D,20161021,000000,1222.5000000,1235.0000000,1212.5000000,1213.5000000,14982
YNDX,D,20161024,000000,1235.0000000,1267.5000000,1211.5000000,1221.0000000,68786
YNDX,D,20161025,000000,1221.5000000,1262.0000000,1213.5000000,1222.5000000,58180
YNDX,D,20161026,000000,1235.0000000,1239.5000000,1187.5000000,1194.5000000,53191
YNDX,D,20161027,000000,1209.5000000,1295.0000000,1199.0000000,1261.0000000,182553
YNDX,D,20161028,000000,1270.0000000,1287.5000000,1254.5000000,1270.0000000,70960
YNDX,D,20161031,000000,1278.0000000,1278.5000000,1238.0000000,1256.0000000,48642
YNDX,D,20161101,000000,1259.5000000,1264.0000000,1231.5000000,1243.5000000,42155
YNDX,D,20161102,000000,1243.0000000,1245.0000000,1209.0000000,1212.0000000,51835
YNDX,D,20161103,000000,1210.0000000,1224.0000000,1180.0000000,1190.0000000,77147
YNDX,D,20161107,000000,1203.0000000,1219.5000000,1192.0000000,1196.0000000,29770
YNDX,D,20161108,000000,1208.5000000,1221.0000000,1172.0000000,1197.0000000,41923
YNDX,D,20161109,000000,1175.5000000,1234.0000000,1155.5000000,1234.0000000,59380
YNDX,D,20161110,000000,1244.0000000,1307.0000000,1240.0000000,1240.5000000,156761
YNDX,D,20161111,000000,1252.5000000,1269.5000000,1201.0000000,1225.0000000,73263
YNDX,D,20161114,000000,1230.0000000,1238.5000000,1192.0000000,1195.0000000,36586
YNDX,D,20161115,000000,1195.0000000,1199.5000000,1168.5000000,1170.0000000,65715
YNDX,D,20161116,000000,1172.0000000,1192.0000000,1160.5000000,1164.0000000,73059
YNDX,D,20161117,000000,1151.5000000,1163.0000000,1143.0000000,1150.0000000,100546
YNDX,D,20161118,000000,1159.0000000,1203.5000000,1155.0000000,1203.5000000,107262
YNDX,D,20161121,000000,1196.0000000,1220.0000000,1190.5000000,1201.0000000,26788
YNDX,D,20161122,000000,1199.5000000,1200.0000000,1160.0000000,1177.0000000,64130
YNDX,D,20161123,000000,1205.0000000,1240.0000000,1197.0000000,1228.0000000,101679
YNDX,D,20161124,000000,1230.0000000,1240.0000000,1223.0000000,1228.5000000,23217
YNDX,D,20161125,000000,1233.0000000,1248.5000000,1221.0000000,1221.5000000,49147
YNDX,D,20161128,000000,1225.0000000,1233.5000000,1204.0000000,1213.0000000,72941
YNDX,D,20161129,000000,1204.5000000,1215.0000000,1195.0000000,1215.0000000,48646
YNDX,D,20161130,000000,1216.0000000,1219.5000000,1190.0000000,1201.5000000,70116
YNDX,D,20161201,000000,1212.0000000,1239.5000000,1204.0000000,1217.0000000,109295
YNDX,D,20161202,000000,1195.0000000,1213.0000000,1181.5000000,1197.5000000,72609
YNDX,D,20161205,000000,1184.5000000,1202.0000000,1182.5000000,1199.0000000,124291
YNDX,D,20161206,000000,1215.0000000,1241.0000000,1209.0000000,1231.0000000,156842
YNDX,D,20161207,000000,1234.5000000,1250.0000000,1216.5000000,1243.0000000,41363
YNDX,D,20161208,000000,1243.5000000,1261.5000000,1241.5000000,1252.0000000,60760
YNDX,D,20161209,000000,1262.0000000,1277.5000000,1241.0000000,1248.0000000,30463
YNDX,D,20161212,000000,1245.5000000,1260.0000000,1220.0000000,1239.0000000,124603
YNDX,D,20161213,000000,1242.5000000,1285.0000000,1235.5000000,1277.0000000,69717
YNDX,D,20161214,000000,1279.0000000,1290.0000000,1242.0000000,1282.5000000,113975
YNDX,D,20161215,000000,1285.5000000,1310.0000000,1266.5000000,1292.0000000,129747
YNDX,D,20161216,000000,1274.5000000,1311.0000000,1252.0000000,1263.0000000,169605
YNDX,D,20161219,000000,1269.0000000,1273.5000000,1245.0000000,1255.0000000,68139
YNDX,D,20161220,000000,1259.5000000,1267.0000000,1235.5000000,1267.0000000,68428
YNDX,D,20161221,000000,1272.0000000,1285.0000000,1244.0000000,1245.0000000,44274
YNDX,D,20161222,000000,1246.0000000,1259.5000000,1236.5000000,1246.0000000,80931
YNDX,D,20161223,000000,1256.0000000,1262.0000000,1236.5000000,1252.0000000,37688
YNDX,D,20161226,000000,1252.0000000,1257.5000000,1244.5000000,1245.0000000,20730
YNDX,D,20161227,000000,1251.0000000,1258.5000000,1235.5000000,1237.0000000,36756
YNDX,D,20161228,000000,1241.5000000,1250.0000000,1228.0000000,1228.0000000,33166
YNDX,D,20161229,000000,1239.0000000,1243.0000000,1216.5000000,1241.0000000,27620
YNDX,D,20161230,000000,1240.0000000,1252.5000000,1239.5000000,1247.5000000,21350
YNDX,D,20170103,000000,1254.0000000,1269.5000000,1235.0000000,1241.0000000,76613
YNDX,D,20170104,000000,1247.5000000,1257.0000000,1233.5000000,1239.0000000,38727
YNDX,D,20170105,000000,1246.5000000,1254.5000000,1212.0000000,1252.0000000,77016
YNDX,D,20170106,000000,1290.0000000,1295.0000000,1260.0000000,1291.0000000,83164
YNDX,D,20170109,000000,1295.0000000,1322.0000000,1288.5000000,1317.0000000,66907
YNDX,D,20170110,000000,1321.5000000,1332.0000000,1305.5000000,1319.5000000,43833
YNDX,D,20170111,000000,1304.0000000,1309.0000000,1290.5000000,1299.0000000,43663
YNDX,D,20170112,000000,1290.0000000,1298.0000000,1266.0000000,1271.5000000,57377
YNDX,D,20170113,000000,1272.0000000,1288.0000000,1259.0000000,1286.5000000,32527
YNDX,D,20170116,000000,1284.5000000,1310.0000000,1277.5000000,1305.0000000,17621
YNDX,D,20170117,000000,1293.0000000,1307.0000000,1280.5000000,1303.0000000,27698
YNDX,D,20170118,000000,1302.5000000,1312.0000000,1292.5000000,1299.0000000,24139
YNDX,D,20170119,000000,1304.5000000,1312.0000000,1293.5000000,1307.0000000,19013
YNDX,D,20170120,000000,1315.5000000,1320.0000000,1299.0000000,1315.0000000,26316
YNDX,D,20170123,000000,1310.0000000,1315.5000000,1288.0000000,1295.0000000,21449
YNDX,D,20170124,000000,1306.5000000,1350.0000000,1303.5000000,1349.0000000,71002
YNDX,D,20170125,000000,1354.0000000,1393.5000000,1350.5000000,1381.0000000,79942
YNDX,D,20170126,000000,1395.0000000,1424.5000000,1386.0000000,1411.0000000,74937
YNDX,D,20170127,000000,1411.5000000,1425.0000000,1391.0000000,1418.5000000,43891
YNDX,D,20170130,000000,1408.5000000,1417.0000000,1362.5000000,1370.0000000,52000
YNDX,D,20170131,000000,1375.0000000,1395.0000000,1375.0000000,1379.0000000,14882
YNDX,D,20170201,000000,1380.5000000,1407.5000000,1373.0000000,1384.0000000,22785
YNDX,D,20170202,000000,1391.0000000,1407.5000000,1365.5000000,1370.0000000,33089
YNDX,D,20170203,000000,1379.0000000,1399.0000000,1376.0000000,1387.0000000,19431
YNDX,D,20170206,000000,1387.0000000,1387.0000000,1346.5000000,1357.5000000,21118
YNDX,D,20170207,000000,1359.5000000,1388.0000000,1359.5000000,1382.0000000,19332
YNDX,D,20170208,000000,1367.5000000,1380.5000000,1345.0000000,1350.0000000,35970
YNDX,D,20170209,000000,1365.0000000,1365.0000000,1326.5000000,1356.5000000,41973
YNDX,D,20170210,000000,1369.0000000,1369.0000000,1332.0000000,1345.0000000,16668
YNDX,D,20170213,000000,1357.0000000,1359.5000000,1335.0000000,1335.0000000,29261
YNDX,D,20170214,000000,1334.0000000,1344.0000000,1304.0000000,1312.0000000,36207
YNDX,D,20170215,000000,1313.0000000,1336.0000000,1263.0000000,1316.0000000,42386
YNDX,D,20170216,000000,1334.0000000,1412.0000000,1312.0000000,1401.0000000,112620
YNDX,D,20170217,000000,1400.0000000,1436.5000000,1385.5000000,1425.0000000,218189
YNDX,D,20170220,000000,1431.0000000,1437.5000000,1420.0000000,1425.0000000,21960
YNDX,D,20170221,000000,1423.0000000,1429.5000000,1392.0000000,1395.0000000,25664
YNDX,D,20170222,000000,1397.0000000,1404.5000000,1380.0000000,1399.0000000,49796
YNDX,D,20170224,000000,1379.5000000,1381.0000000,1356.0000000,1368.5000000,17194
YNDX,D,20170227,000000,1371.0000000,1379.5000000,1334.5000000,1354.0000000,21493
YNDX,D,20170228,000000,1343.5000000,1354.0000000,1309.0000000,1330.0000000,27553
YNDX,D,20170301,000000,1320.0000000,1354.0000000,1303.5000000,1334.0000000,61898
YNDX,D,20170302,000000,1359.0000000,1369.5000000,1335.5000000,1358.5000000,54692
YNDX,D,20170303,000000,1358.5000000,1373.0000000,1351.5000000,1370.0000000,16786
YNDX,D,20170306,000000,1370.0000000,1374.5000000,1341.0000000,1359.0000000,27374
YNDX,D,20170307,000000,1365.5000000,1371.5000000,1349.0000000,1364.0000000,13429
YNDX,D,20170309,000000,1371.0000000,1389.0000000,1352.0000000,1359.5000000,48396
YNDX,D,20170310,000000,1353.5000000,1365.0000000,1335.5000000,1360.0000000,26487
YNDX,D,20170313,000000,1355.0000000,1377.5000000,1350.5000000,1366.5000000,14319
YNDX,D,20170314,000000,1378.5000000,1379.5000000,1354.0000000,1357.0000000,33875
YNDX,D,20170315,000000,1369.0000000,1374.5000000,1329.0000000,1341.0000000,29476
YNDX,D,20170316,000000,1351.5000000,1390.0000000,1327.0000000,1375.0000000,64823
YNDX,D,20170317,000000,1377.5000000,1396.5000000,1351.5000000,1354.0000000,31069
YNDX,D,20170320,000000,1359.0000000,1360.0000000,1340.0000000,1347.0000000,13918
YNDX,D,20170321,000000,1342.0000000,1359.5000000,1309.0000000,1311.0000000,41760
YNDX,D,20170322,000000,1292.0000000,1297.0000000,1279.0000000,1291.0000000,73998
YNDX,D,20170323,000000,1292.0000000,1309.5000000,1278.5000000,1288.0000000,17787
YNDX,D,20170324,000000,1290.0000000,1294.0000000,1271.0000000,1280.0000000,13202
YNDX,D,20170327,000000,1284.5000000,1285.0000000,1238.0000000,1261.0000000,32998
YNDX,D,20170328,000000,1262.0000000,1280.0000000,1260.0000000,1275.0000000,14867
YNDX,D,20170329,000000,1278.0000000,1295.0000000,1255.5000000,1262.0000000,27076
YNDX,D,20170330,000000,1262.5000000,1277.5000000,1242.0000000,1247.5000000,26400
YNDX,D,20170331,000000,1244.5000000,1250.0000000,1231.0000000,1245.5000000,14507
YNDX,D,20170403,000000,1232.0000000,1259.5000000,1225.5000000,1242.0000000,32441
YNDX,D,20170404,000000,1242.0000000,1258.0000000,1234.0000000,1239.0000000,13502
YNDX,D,20170405,000000,1237.5000000,1298.0000000,1236.5000000,1298.0000000,67084
YNDX,D,20170406,000000,1296.5000000,1304.5000000,1279.0000000,1289.0000000,25707
YNDX,D,20170407,000000,1281.5000000,1290.0000000,1240.5000000,1260.0000000,50228
YNDX,D,20170410,000000,1260.0000000,1260.0000000,1225.0000000,1249.5000000,28178
YNDX,D,20170411,000000,1230.0000000,1257.0000000,1230.0000000,1251.0000000,30547
YNDX,D,20170412,000000,1257.0000000,1293.0000000,1253.5000000,1284.0000000,38589
YNDX,D,20170413,000000,1298.0000000,1298.0000000,1265.0000000,1289.0000000,27449
YNDX,D,20170414,000000,1270.5000000,1291.5000000,1266.0000000,1268.5000000,4672
YNDX,D,20170417,000000,1266.5000000,1368.0000000,1256.0000000,1367.5000000,59222
YNDX,D,20170418,000000,1359.5000000,1366.5000000,1331.0000000,1336.5000000,22208
YNDX,D,20170419,000000,1337.5000000,1355.0000000,1326.0000000,1329.5000000,16519
YNDX,D,20170420,000000,1323.0000000,1340.0000000,1310.0000000,1328.0000000,17367
YNDX,D,20170421,000000,1328.0000000,1335.0000000,1307.0000000,1310.0000000,24706
YNDX,D,20170424,000000,1328.0000000,1335.0000000,1307.0000000,1317.0000000,55276
YNDX,D,20170425,000000,1315.0000000,1338.5000000,1305.5000000,1338.0000000,28152
YNDX,D,20170426,000000,1343.5000000,1423.0000000,1337.5000000,1404.0000000,119824
YNDX,D,20170427,000000,1410.0000000,1537.0000000,1405.5000000,1520.0000000,290446
YNDX,D,20170428,000000,1535.0000000,1569.0000000,1502.0000000,1534.5000000,67712
YNDX,D,20170502,000000,1560.0000000,1590.0000000,1545.0000000,1549.0000000,43787
YNDX,D,20170503,000000,1538.5000000,1558.5000000,1500.5000000,1528.0000000,85779
YNDX,D,20170504,000000,1548.5000000,1589.0000000,1538.0000000,1581.0000000,84099
YNDX,D,20170505,000000,1553.0000000,1589.0000000,1551.5000000,1570.0000000,22265
YNDX,D,20170510,000000,1577.0000000,1601.0000000,1576.5000000,1590.0000000,33096
YNDX,D,20170511,000000,1589.5000000,1667.5000000,1554.0000000,1562.5000000,86560
YNDX,D,20170512,000000,1575.0000000,1595.0000000,1551.0000000,1592.0000000,81394
YNDX,D,20170515,000000,1605.0000000,1640.5000000,1595.5000000,1619.0000000,75029
YNDX,D,20170516,000000,1619.0000000,1648.0000000,1565.5000000,1611.0000000,83374
YNDX,D,20170517,000000,1625.0000000,1633.0000000,1601.5000000,1608.0000000,38209
YNDX,D,20170518,000000,1589.5000000,1599.5000000,1550.0000000,1565.0000000,83934
YNDX,D,20170519,000000,1581.5000000,1634.0000000,1565.0000000,1614.5000000,67408
YNDX,D,20170522,000000,1618.0000000,1624.0000000,1595.5000000,1608.0000000,32791
YNDX,D,20170523,000000,1611.0000000,1630.0000000,1593.0000000,1611.5000000,45953
YNDX,D,20170524,000000,1618.5000000,1619.5000000,1595.5000000,1611.0000000,10624
YNDX,D,20170525,000000,1618.5000000,1620.5000000,1575.5000000,1584.0000000,20110
YNDX,D,20170526,000000,1588.0000000,1589.0000000,1565.5000000,1568.0000000,13512
YNDX,D,20170529,000000,1568.0000000,1583.5000000,1565.0000000,1573.5000000,9792
YNDX,D,20170530,000000,1565.0000000,1576.5000000,1547.0000000,1552.0000000,24153
YNDX,D,20170531,000000,1560.0000000,1564.5000000,1497.5000000,1505.0000000,59350
YNDX,D,20170601,000000,1504.5000000,1527.5000000,1482.0000000,1520.5000000,18929
YNDX,D,20170602,000000,1507.5000000,1531.0000000,1474.5000000,1478.0000000,62833
YNDX,D,20170605,000000,1493.0000000,1535.0000000,1482.5000000,1525.0000000,59948
YNDX,D,20170606,000000,1538.5000000,1555.0000000,1522.5000000,1524.5000000,20730
YNDX,D,20170607,000000,1539.5000000,1540.0000000,1516.0000000,1526.0000000,18247
YNDX,D,20170608,000000,1526.0000000,1535.5000000,1513.0000000,1521.5000000,21783
YNDX,D,20170609,000000,1523.5000000,1548.0000000,1520.5000000,1541.5000000,15331
YNDX,D,20170613,000000,1476.0000000,1506.0000000,1467.0000000,1480.0000000,51486
YNDX,D,20170614,000000,1490.5000000,1510.5000000,1474.0000000,1482.5000000,37914
YNDX,D,20170615,000000,1461.5000000,1502.0000000,1430.0000000,1495.5000000,217036
YNDX,D,20170616,000000,1503.0000000,1508.5000000,1460.5000000,1464.5000000,23282
YNDX,D,20170619,000000,1468.0000000,1549.5000000,1466.5000000,1541.0000000,44233
YNDX,D,20170620,000000,1549.0000000,1580.0000000,1544.5000000,1554.0000000,20845
YNDX,D,20170621,000000,1554.0000000,1605.0000000,1548.5000000,1585.0000000,21339
YNDX,D,20170622,000000,1595.0000000,1640.5000000,1595.0000000,1618.0000000,63536
YNDX,D,20170623,000000,1611.5000000,1629.5000000,1575.0000000,1616.5000000,31002
YNDX,D,20170626,000000,1629.5000000,1643.0000000,1595.5000000,1608.0000000,21154
YNDX,D,20170627,000000,1614.0000000,1614.5000000,1580.5000000,1582.5000000,28432
YNDX,D,20170628,000000,1582.5000000,1633.0000000,1552.0000000,1612.0000000,41610
YNDX,D,20170629,000000,1631.0000000,1639.5000000,1585.0000000,1588.0000000,21624
YNDX,D,20170630,000000,1588.0000000,1604.5000000,1532.5000000,1536.0000000,46980
YNDX,D,20170703,000000,1553.0000000,1570.0000000,1538.5000000,1560.0000000,21669
YNDX,D,20170704,000000,1547.0000000,1579.0000000,1543.5000000,1566.5000000,10408
YNDX,D,20170705,000000,1570.5000000,1578.5000000,1545.0000000,1558.5000000,15095
YNDX,D,20170706,000000,1569.5000000,1581.5000000,1550.5000000,1564.0000000,29909
YNDX,D,20170707,000000,1574.5000000,1592.0000000,1555.0000000,1578.5000000,19820
YNDX,D,20170710,000000,1581.5000000,1604.0000000,1568.0000000,1594.0000000,25898
YNDX,D,20170711,000000,1604.0000000,1616.0000000,1579.0000000,1612.0000000,25724
YNDX,D,20170712,000000,1613.0000000,1681.5000000,1601.0000000,1632.0000000,31789
YNDX,D,20170713,000000,1650.0000000,2039.5000000,1649.5000000,1898.5000000,637802
YNDX,D,20170714,000000,1907.0000000,1907.0000000,1842.0000000,1867.0000000,91788
YNDX,D,20170717,000000,1879.0000000,1889.5000000,1846.0000000,1866.0000000,60597
YNDX,D,20170718,000000,1865.5000000,1910.0000000,1851.0000000,1867.0000000,64920
YNDX,D,20170719,000000,1868.0000000,1902.0000000,1835.0000000,1849.0000000,69315
YNDX,D,20170720,000000,1841.0000000,1859.5000000,1815.0000000,1845.0000000,30626
YNDX,D,20170721,000000,1845.0000000,1869.5000000,1835.0000000,1856.0000000,28179
YNDX,D,20170724,000000,1862.0000000,1928.5000000,1857.0000000,1916.0000000,46390
YNDX,D,20170725,000000,1925.0000000,1927.0000000,1881.0000000,1906.0000000,35605
YNDX,D,20170726,000000,1903.0000000,1916.0000000,1891.5000000,1899.5000000,21219
YNDX,D,20170727,000000,1908.0000000,1923.5000000,1879.5000000,1888.5000000,29370
YNDX,D,20170728,000000,1838.0000000,1850.0000000,1735.0000000,1754.5000000,175921
YNDX,D,20170731,000000,1763.5000000,1787.0000000,1743.0000000,1743.0000000,27697
YNDX,D,20170801,000000,1758.0000000,1785.0000000,1739.5000000,1746.5000000,36253
YNDX,D,20170802,000000,1756.0000000,1767.0000000,1708.0000000,1719.0000000,38174
YNDX,D,20170803,000000,1710.0000000,1757.0000000,1710.0000000,1744.0000000,40929
YNDX,D,20170804,000000,1751.0000000,1779.5000000,1732.5000000,1770.5000000,42073
YNDX,D,20170807,000000,1774.5000000,1811.5000000,1771.0000000,1795.5000000,52609
YNDX,D,20170808,000000,1801.0000000,1818.0000000,1765.5000000,1792.5000000,40316
YNDX,D,20170809,000000,1782.0000000,1915.0000000,1760.0000000,1835.5000000,218740
YNDX,D,20170810,000000,1859.5000000,1872.5000000,1780.5000000,1786.0000000,73096
YNDX,D,20170811,000000,1774.0000000,1785.5000000,1731.5000000,1731.5000000,55444
YNDX,D,20170814,000000,1743.5000000,1783.5000000,1743.5000000,1765.5000000,36526
YNDX,D,20170815,000000,1790.5000000,1808.0000000,1770.5000000,1798.0000000,21030
YNDX,D,20170816,000000,1805.5000000,1840.0000000,1801.0000000,1818.0000000,28292
YNDX,D,20170817,000000,1821.5000000,1864.5000000,1820.0000000,1832.0000000,28157
YNDX,D,20170818,000000,1820.0000000,1820.0000000,1761.0000000,1785.0000000,59783
YNDX,D,20170821,000000,1775.5000000,1787.5000000,1751.0000000,1769.0000000,39546
YNDX,D,20170822,000000,1772.0000000,1777.5000000,1745.5000000,1756.0000000,31420
YNDX,D,20170823,000000,1766.0000000,1783.0000000,1752.0000000,1765.0000000,28661
YNDX,D,20170824,000000,1771.0000000,1791.5000000,1758.0000000,1768.0000000,39902
YNDX,D,20170825,000000,1785.0000000,1800.0000000,1745.0000000,1757.0000000,86550
YNDX,D,20170828,000000,1757.0000000,1769.5000000,1722.5000000,1725.5000000,89485
YNDX,D,20170829,000000,1732.0000000,1746.5000000,1710.5000000,1743.0000000,32288
YNDX,D,20170830,000000,1746.5000000,1754.0000000,1720.5000000,1728.5000000,51305
YNDX,D,20170831,000000,1738.0000000,1775.5000000,1734.5000000,1752.0000000,51101
YNDX,D,20170901,000000,1751.0000000,1867.5000000,1740.0000000,1820.0000000,113712
YNDX,D,20170904,000000,1817.5000000,1837.5000000,1817.0000000,1833.0000000,20554
YNDX,D,20170905,000000,1831.5000000,1886.0000000,1821.0000000,1863.0000000,88227
YNDX,D,20170906,000000,1861.5000000,1885.0000000,1821.0000000,1843.0000000,50820
YNDX,D,20170907,000000,1849.0000000,1854.0000000,1798.0000000,1820.0000000,34801
YNDX,D,20170908,000000,1858.0000000,1897.0000000,1851.5000000,1865.5000000,56820
YNDX,D,20170911,000000,1851.5000000,1881.5000000,1835.5000000,1867.0000000,78761
YNDX,D,20170912,000000,1875.0000000,1938.0000000,1875.0000000,1903.5000000,63299
YNDX,D,20170913,000000,1903.0000000,1925.0000000,1874.0000000,1876.0000000,91458
YNDX,D,20170914,000000,1879.5000000,1882.0000000,1841.0000000,1858.0000000,78679
YNDX,D,20170915,000000,1868.5000000,1913.5000000,1850.5000000,1895.0000000,62929
YNDX,D,20170918,000000,1902.5000000,1908.0000000,1863.0000000,1893.5000000,34221
YNDX,D,20170919,000000,1883.0000000,1894.0000000,1840.0000000,1872.5000000,56611
YNDX,D,20170920,000000,1880.0000000,1891.0000000,1863.5000000,1872.0000000,28321
YNDX,D,20170921,000000,1884.0000000,1894.5000000,1860.0000000,1872.0000000,68000
YNDX,D,20170922,000000,1872.0000000,1930.0000000,1867.0000000,1922.0000000,71184
YNDX,D,20170925,000000,1905.0000000,1936.0000000,1846.0000000,1853.0000000,169315
YNDX,D,20170926,000000,1853.5000000,1885.0000000,1831.5000000,1848.0000000,78559
YNDX,D,20170927,000000,1858.5000000,1880.0000000,1841.0000000,1867.0000000,45351
YNDX,D,20170928,000000,1876.5000000,1901.5000000,1846.5000000,1856.5000000,69221
YNDX,D,20170929,000000,1866.0000000,1877.0000000,1850.0000000,1873.0000000,32277
YNDX,D,20171002,000000,1882.5000000,1940.0000000,1881.5000000,1906.5000000,79804
YNDX,D,20171003,000000,1902.0000000,1974.5000000,1901.0000000,1961.0000000,80243
YNDX,D,20171004,000000,1951.0000000,1992.5000000,1933.0000000,1942.5000000,44684
YNDX,D,20171005,000000,1934.5000000,1972.0000000,1911.0000000,1925.0000000,54925
YNDX,D,20171006,000000,1939.5000000,1960.0000000,1890.5000000,1893.0000000,61013
YNDX,D,20171009,000000,1907.5000000,1924.0000000,1890.0000000,1920.0000000,35162
YNDX,D,20171010,000000,1904.0000000,1910.0000000,1838.0000000,1840.0000000,135935
YNDX,D,20171011,000000,1854.0000000,1864.0000000,1830.0000000,1855.5000000,63140
YNDX,D,20171012,000000,1850.0000000,1878.0000000,1833.5000000,1863.0000000,45177
YNDX,D,20171013,000000,1864.0000000,1874.5000000,1847.5000000,1858.0000000,73895
YNDX,D,20171016,000000,1848.0000000,1869.5000000,1825.0000000,1832.0000000,57513
YNDX,D,20171017,000000,1832.0000000,1852.5000000,1815.5000000,1833.0000000,45784
YNDX,D,20171018,000000,1832.5000000,1857.0000000,1816.0000000,1852.0000000,52678
YNDX,D,20171019,000000,1853.0000000,1860.0000000,1830.0000000,1839.5000000,49929
YNDX,D,20171020,000000,1830.0000000,1839.5000000,1790.0000000,1796.0000000,60694
YNDX,D,20171023,000000,1796.0000000,1812.0000000,1782.0000000,1799.0000000,44296
YNDX,D,20171024,000000,1787.0000000,1950.0000000,1743.0000000,1889.0000000,354986
YNDX,D,20171025,000000,1891.0000000,1908.0000000,1836.5000000,1855.0000000,54987
YNDX,D,20171026,000000,1859.0000000,1915.0000000,1840.0000000,1896.0000000,85957
YNDX,D,20171027,000000,1908.0000000,1955.0000000,1890.5000000,1921.0000000,105024
YNDX,D,20171030,000000,1918.5000000,1918.5000000,1878.0000000,1898.0000000,47439
YNDX,D,20171031,000000,1902.5000000,1971.0000000,1881.5000000,1950.0000000,113754
YNDX,D,20171101,000000,1950.0000000,2023.5000000,1950.0000000,1991.5000000,103542
YNDX,D,20171102,000000,1971.5000000,1984.5000000,1927.0000000,1932.0000000,90071
YNDX,D,20171103,000000,1957.0000000,1977.0000000,1930.0000000,1965.0000000,46576
YNDX,D,20171107,000000,1966.0000000,1993.5000000,1943.5000000,1950.5000000,62261
YNDX,D,20171108,000000,1945.0000000,1969.5000000,1920.5000000,1935.5000000,58153
YNDX,D,20171109,000000,1948.0000000,1949.0000000,1883.0000000,1890.0000000,70132
YNDX,D,20171110,000000,1887.0000000,1910.0000000,1855.5000000,1856.5000000,57153
YNDX,D,20171113,000000,1856.0000000,1875.0000000,1840.5000000,1860.0000000,62277
YNDX,D,20171114,000000,1869.5000000,1929.5000000,1862.0000000,1890.0000000,92519
YNDX,D,20171115,000000,1890.0000000,1894.0000000,1857.0000000,1873.0000000,30430
YNDX,D,20171116,000000,1889.0000000,1926.0000000,1868.0000000,1925.5000000,43257
YNDX,D,20171117,000000,1926.5000000,1967.5000000,1915.0000000,1949.5000000,53663
YNDX,D,20171120,000000,1964.5000000,2008.0000000,1950.5000000,2002.5000000,61174
YNDX,D,20171121,000000,1990.0000000,2060.0000000,1990.0000000,2038.0000000,84388
YNDX,D,20171122,000000,2030.0000000,2039.5000000,1957.5000000,1975.0000000,66079
YNDX,D,20171123,000000,1984.0000000,1998.5000000,1980.0000000,1987.5000000,23217
YNDX,D,20171124,000000,1988.0000000,2079.5000000,1982.0000000,2025.0000000,119155
YNDX,D,20171127,000000,2033.0000000,2055.0000000,2015.0000000,2017.0000000,61335
YNDX,D,20171128,000000,2019.0000000,2029.5000000,1988.0000000,1991.5000000,63193
YNDX,D,20171129,000000,2009.0000000,2030.0000000,1933.0000000,1957.0000000,86974
YNDX,D,20171130,000000,1945.0000000,1947.5000000,1881.0000000,1940.5000000,30667
YNDX,D,20171201,000000,1925.5000000,1949.5000000,1916.5000000,1931.5000000,28431
YNDX,D,20171204,000000,1932.0000000,1939.0000000,1901.0000000,1907.0000000,58476
YNDX,D,20171205,000000,1900.5000000,1912.5000000,1867.0000000,1899.0000000,57854
YNDX,D,20171206,000000,1899.0000000,1936.5000000,1889.0000000,1900.0000000,49809
YNDX,D,20171207,000000,1920.0000000,1949.5000000,1908.0000000,1949.5000000,84763
YNDX,D,20171208,000000,1949.5000000,1979.5000000,1949.5000000,1957.0000000,33731
YNDX,D,20171211,000000,1959.0000000,1999.0000000,1958.5000000,1997.5000000,51580
YNDX,D,20171212,000000,1985.5000000,1989.5000000,1944.0000000,1954.0000000,33762
YNDX,D,20171213,000000,1935.0000000,1975.0000000,1930.0000000,1938.0000000,54043
YNDX,D,20171214,000000,1938.0000000,1950.0000000,1909.0000000,1919.0000000,50301
YNDX,D,20171215,000000,1913.0000000,1915.0000000,1875.5000000,1895.0000000,64596
YNDX,D,20171218,000000,1895.5000000,1910.0000000,1880.0000000,1892.0000000,36314
YNDX,D,20171219,000000,1898.0000000,1905.0000000,1872.0000000,1902.0000000,33679
YNDX,D,20171220,000000,1898.5000000,1906.5000000,1865.5000000,1873.5000000,122117
YNDX,D,20171221,000000,1885.5000000,1895.0000000,1851.5000000,1884.0000000,50054
YNDX,D,20171222,000000,1862.5000000,1864.5000000,1832.0000000,1832.0000000,58688
YNDX,D,20171225,000000,1834.0000000,1852.5000000,1834.0000000,1847.0000000,18185
YNDX,D,20171226,000000,1851.5000000,1863.5000000,1820.0000000,1840.0000000,63442
YNDX,D,20171227,000000,1848.0000000,1874.5000000,1846.0000000,1865.0000000,25091
YNDX,D,20171228,000000,1867.5000000,1885.0000000,1859.0000000,1883.5000000,27016
YNDX,D,20171229,000000,1878.0000000,1911.5000000,1860.5000000,1894.0000000,20585
YNDX,D,20180103,000000,1920.0000000,1949.5000000,1915.0000000,1943.5000000,33127
YNDX,D,20180104,000000,1949.5000000,1985.0000000,1943.0000000,1978.0000000,38178
YNDX,D,20180105,000000,1965.0000000,1965.5000000,1921.0000000,1942.5000000,23213
YNDX,D,20180109,000000,1960.0000000,1982.0000000,1954.0000000,1963.0000000,42713
YNDX,D,20180110,000000,1969.0000000,1980.0000000,1931.5000000,1972.0000000,44374
YNDX,D,20180111,000000,1963.5000000,1985.0000000,1955.0000000,1963.0000000,40478
YNDX,D,20180112,000000,1955.0000000,1968.0000000,1945.5000000,1955.0000000,17647
YNDX,D,20180115,000000,1956.0000000,1979.0000000,1954.5000000,1970.0000000,14687
YNDX,D,20180116,000000,1964.0000000,2044.0000000,1940.5000000,1992.5000000,118550
YNDX,D,20180117,000000,1993.0000000,2046.5000000,1981.0000000,2035.0000000,45442
YNDX,D,20180118,000000,2051.5000000,2100.0000000,2045.0000000,2099.0000000,83619
YNDX,D,20180119,000000,2112.0000000,2134.0000000,2090.5000000,2098.5000000,48107
